{"cameraMode":{"drawMode":0,"name":"Shaded","section":"Shading Mode"},"sceneLighting":false,"audioPlay":false,"sceneViewState":{"m_AlwaysRefresh":false,"showFog":true,"showSkybox":false,"showFlares":true,"showImageEffects":true,"showParticleSystems":true,"showVisualEffectGraphs":true,"m_FxEnabled":true},"in2DMode":false,"pivot":{"x":14.437782287597657,"y":10.664243698120118,"z":21.987642288208009},"rotation":{"x":-0.034167271107435229,"y":0.03147130832076073,"z":0.0010766249615699053,"w":0.9989275932312012},"size":24.304662704467775,"orthographic":false}