{"cameraMode":{"drawMode":0,"name":"Shaded","section":"Shading Mode"},"sceneLighting":true,"audioPlay":false,"sceneViewState":{"m_AlwaysRefresh":false,"showFog":true,"showSkybox":true,"showFlares":true,"showImageEffects":true,"showParticleSystems":true,"showVisualEffectGraphs":true,"m_FxEnabled":true},"in2DMode":false,"pivot":{"x":9.940254211425782,"y":59.191734313964847,"z":902.5460815429688},"rotation":{"x":-0.024756882339715959,"y":0.00636466545984149,"z":0.00015751209866721183,"w":0.9996836185455322},"size":473.0867614746094,"orthographic":false}